Incident ID,Incident Name,Incident Description,Priority,Assigned To,Status,Debugging Steps,First Debugging Step,Resolution,Communication Log
INC1012,Salesforce Login Failure,Users unable to log into Salesforce.,2 - High,Alice Johnson,Resolved,1. Verify SSO configuration. 2. Check Salesforce service status. 3. Reset affected user credentials. 4. Clear browser cache & reattempt login.,Verify SSO configuration.,Reset SSO authentication and confirmed access.,"Customer: Unable to log into Salesforce. Support: SSO reset, please try again."
INC1013,Vendor Portal Unresponsive,Vendor portal down; users receive 504 Gateway Timeout.,1 - Critical,Bob Smith,In Progress,1. Check web server health. 2. Verify API connectivity. 3. Restart backend services. 4. Check DNS resolution.,Check web server health.,"Restarted backend servers, resolving connectivity.","Vendor: Portal is down. Support: Restarted servers, please test."
INC1014,Cloud Storage Unavailable,Users can't access cloud files; sync failures reported.,1 - Critical,David Lee,Escalated,1. Check cloud provider status. 2. Validate user authentication. 3. Test API response times. 4. Restart storage sync services.,Check cloud provider status.,Confirmed provider outage; escalated to vendor.,"Customer: Cloud storage down. Support: Issue at provider, awaiting fix."
INC1015,Software Deployment Failure,New application release rollback needed due to crashes.,2 - High,Charlie Williams,Resolved,1. Check deployment logs. 2. Rollback latest deployment. 3. Verify rollback success. 4. Investigate root cause.,Check deployment logs.,Rolled back failed deployment and restored stable version.,"Customer: App update broken. Support: Rolled back, stable version restored."
INC1016,ERP Reports Not Generating,Scheduled ERP reports fail with timeout error.,2 - High,Alice Johnson,In Progress,1. Analyze SQL execution plan. 2. Check database load. 3. Optimize long-running queries. 4. Increase server resources if needed.,Analyze SQL execution plan.,Indexing queries resolved timeout issue.,"Customer: ERP reports fail. Support: Optimized queries, please retry."
INC1017,Firewall Blocking VPN Traffic,Users unable to connect via VPN after policy update.,1 - Critical,Bob Smith,Resolved,1. Review firewall policy changes. 2. Verify VPN logs. 3. Restore previous policy if needed. 4. Communicate to affected users.,Review firewall policy changes.,Reverted firewall rules and restored VPN access.,"Customer: VPN not working. Support: Policy fixed, retry now."
INC1018,CRM Workflow Not Executing,Automated CRM workflows not triggering.,2 - Medium,David Lee,In Progress,1. Check scheduled job logs. 2. Restart workflow services. 3. Debug affected automation rules. 4. Re-test workflow execution.,Check scheduled job logs.,"Restarted automation services, resolving issue.","Customer: CRM automation not running. Support: Restarted services, verify now."
INC1019,Printer Fleet Offline,Office printers not responding across locations.,3 - Low,Charlie Williams,Resolved,1. Check print server status. 2. Restart affected printers. 3. Verify network connectivity. 4. Apply firmware updates if required.,Check print server status.,"Restarted print servers, restoring connectivity.","Customer: Office printers offline. Support: Servers restarted, try printing."
INC1020,Cloud Backup Failure,Daily backups failing with authentication errors.,1 - Critical,Alice Johnson,Escalated,1. Validate backup service credentials. 2. Check cloud provider API health. 3. Verify storage availability. 4. Retry failed backups.,Validate backup service credentials.,Escalated to vendor; awaiting response.,Customer: Backup failed. Support: Issue escalated to cloud provider.
INC1021,Web Proxy Failing,Internet browsing blocked due to proxy failure.,2 - High,Bob Smith,In Progress,Check proxy logs.,Check proxy logs.,,
INC1022,Citrix Session Timeout,Users getting disconnected frequently from Citrix VDI.,1 - Critical,David Lee,Resolved,Analyze Citrix session logs.,Analyze Citrix session logs.,,
INC1023,Payroll Processing Delay,Monthly payroll run failing due to DB locks.,2 - High,Alice Johnson,In Progress,Investigate database lock contention.,Investigate database lock contention.,,
INC1024,Two-Factor Authentication Not Working,Employees unable to complete MFA login.,1 - Critical,Charlie Williams,Resolved,Check MFA provider status.,Check MFA provider status.,,
INC1025,IT Helpdesk Ticketing Crash,ITSM platform unresponsive during peak hours.,2 - High,Bob Smith,In Progress,Monitor ITSM server load.,Monitor ITSM server load.,,
INC1026,IoT Sensor Readings Incorrect,Factory sensors reporting inconsistent temperature data.,3 - Medium,David Lee,Resolved,Verify sensor calibration.,Verify sensor calibration.,,
INC1027,Webhooks Not Triggering,Third-party API webhooks failing intermittently.,2 - High,Alice Johnson,In Progress,Check webhook event logs.,Check webhook event logs.,,
INC1028,Server Patch Rollback Needed,Security patch introduced OS instability.,1 - Critical,Bob Smith,Resolved,Review patch impact analysis.,Review patch impact analysis.,,
INC1029,SharePoint Site Not Loading,Departmental SharePoint pages timing out.,2 - Medium,David Lee,Resolved,Verify SharePoint service health.,Verify SharePoint service health.,,
INC1030,Cloud VM Autoscaling Stuck,Virtual machines not scaling under load.,1 - Critical,Charlie Williams,In Progress,Check cloud auto-scaling logs.,Check cloud auto-scaling logs.,,
INC1031,Ransomware Detected,Endpoint security flagged suspicious encryption activity.,1 - Critical,Alice Johnson,Escalated,Isolate infected endpoints.,Isolate infected endpoints.,,
INC1032,SQL Query Performance Degradation,Reports running slow due to long-running queries.,2 - High,Bob Smith,In Progress,Analyze SQL execution plan.,Analyze SQL execution plan.,,
INC1033,Remote Desktop Access Failure,Users can't connect to Windows RDP servers.,2 - High,David Lee,Resolved,Check Windows RDP logs.,Check Windows RDP logs.,,
INC1034,Email Forwarding Not Working,Auto-forwarding rules failing for specific domains.,3 - Medium,Charlie Williams,Resolved,Validate email filtering rules.,Validate email filtering rules.,,
INC1035,Slack/Teams Notifications Delayed,Message alerts taking too long to deliver.,3 - Low,Bob Smith,In Progress,Check webhook delivery logs.,Check webhook delivery logs.,,
INC1001,Database Downtime,Database service is unreachable.,1 - Critical,Alice Johnson,Resolved,1. Check server logs for DB errors. 2. Verify network connectivity to DB. 3. Check storage availability and replication lag. 4. Restart database service if necessary.,Check server logs for DB errors.,Restarted DB services and confirmed successful queries.,"Customer: DB is down. Support: Restarted DB services, verify now."
INC1002,Network Latency Issue,Slow network performance during peak hours.,2 - High,Bob Smith,In Progress,1. Analyze network traffic patterns. 2. Check switch/router logs. 3. Identify congested nodes. 4. Apply QoS policies to prioritize critical traffic.,Analyze network traffic patterns.,Applied QoS policies to prioritize critical traffic.,Customer: Network is slow. Support: Running diagnostics.
INC1003,Email Server Failure,Unable to send emails; messages stuck in queue.,1 - Critical,Charlie Williams,Resolved,1. Review SMTP logs for errors. 2. Check email queues for backlogs. 3. Verify DNS & MX records. 4. Restart mail services if necessary.,Review SMTP logs for errors.,Restarted mail services and verified outgoing email flow.,Customer: Can’t send emails. Support: Restarted mail services. Test now.
INC1004,CRM Login Failure,Users unable to log in due to authentication errors.,2 - High,David Lee,Resolved,1. Verify SSO authentication logs. 2. Check AD synchronization status. 3. Reset authentication settings. 4. Clear session caches and restart authentication service.,Verify SSO authentication logs.,Cleared session caches and updated expired certificates.,"Customer: CRM login issue. Support: Reset authentication, try now."
INC1005,High CPU Usage on Server,Application server showing 95% CPU usage.,1 - Critical,Alice Johnson,In Progress,1. Monitor CPU & memory usage. 2. Identify resource-heavy processes. 3. Restart non-essential background tasks. 4. Optimize resource allocation.,Monitor CPU & memory usage.,Restarted services and optimized resource allocation.,Customer: App server is slow. Support: Investigating CPU usage.
INC1006,API Gateway Timeout,API requests are intermittently failing.,2 - High,Bob Smith,Escalated,1. Check API gateway logs. 2. Verify backend server health. 3. Monitor API latency & errors. 4. Scale up API nodes and implement request retries.,Check API gateway logs.,Scaled up API nodes and implemented request retries.,"Customer: API calls are failing. Support: Reviewing logs, will update."
INC1007,Unauthorized Access Alert,Multiple failed login attempts detected.,1 - Critical,Charlie Williams,Resolved,1. Investigate security logs. 2. Identify suspicious IPs. 3. Block unauthorized access. 4. Enforce MFA.,Investigate security logs.,Enforced MFA and notified the security team.,"Customer: Unusual login attempts. Support: Blocked source, enabled MFA."
INC1008,VPN Connectivity Issue,Users unable to connect to corporate VPN.,2 - High,David Lee,Resolved,1. Verify VPN gateway logs. 2. Check firewall rules for VPN traffic. 3. Restart VPN services. 4. Re-authenticate users.,Verify VPN gateway logs.,Re-authenticated users and confirmed stable connection.,"Customer: VPN not working. Support: Restarted VPN gateway, try now."
INC1009,File Server Unavailable,Shared network drive inaccessible.,1 - Critical,Alice Johnson,Resolved,1. Restart file server. 2. Verify storage mount points. 3. Check event logs for disk failures. 4. Restore NTFS & SMB permissions if needed.,Restart file server.,"Restored NTFS & SMB permissions, ran a file system consistency check.","Customer: Can’t access shared drive. Support: Restarted, should work now."
INC1010,Web Application Crash,Internal web application frequently crashes.,3 - Medium,Bob Smith,In Progress,1. Check application logs for error stack traces. 2. Debug recent deployments. 3. Roll back unstable update. 4. Restart application server.,Check application logs for error stack traces.,Restarted app & monitored logs for stability.,"Customer: App crashes randomly. Support: Checking logs, will update."
INC1011,Firewall Policy Issue,Users blocked from accessing external services.,2 - High,Charlie Williams,Resolved,1. Review firewall logs. 2. Identify blocked traffic.,Review firewall logs.,Applied policy updates and restarted firewall services.,Customer: Can’t access external apps. Support: Firewall rules updated.
